0,0,0,0,0,0,0,0,0,0,0,0,0

0,0,0,0,0,0,0,0,0,0,0,0,0

0,0,0,0,0,0,0,0,0,0,0,0,0

0,0,0,0,0,0,0,0,0,0,0,0,0

0,0,0,0,0,0,0,0,0,0,0,0,0

0,0,0,0,0,0,0,0,0,0,0,0,0

0,0,0,0,0,0,0,0,0,0,0,0,0

0,0,0,0,0,0,0,0,0,0,0,0,0

0,0,0,0,0,0,0,0,0,0,0,0,0

0,3,0,0,0,0,1,0,0,0,0,0.6223876210909914,5

0,0,0,0,0,0,0,0,0,0,0,0,0

0,0,0,0,0,0,0,0,0,0,0,0,0

0,0,0,0,0,0,0,0,0,0,0,0,0

0,0,0,0,0,0,0,0,0,0,0,0,0

0,0,0,0,0,0,0,0,0,0,0,0,0

0,0,0,0,0,0,0,0,0,0,0,0,0

0,0,0,0,0,0,0,0,0,0,0,0,0

0,0,0,0,0,0,0,0,0,0,0,0,0

0,3,0,0,0,0,1,0,0,0,0,0.6223876210909914,5

0,0,1,0,0,1,0,0,0,0,1,0.36337212564571997,4

0,0,0,0,0,0,0,0,0,0,0,0,0

0,0,0,0,0,0,0,0,0,0,0,0,0

0,0,0,0,0,0,0,0,0,0,0,0,0

0,0,0,0,0,0,0,0,0,0,0,0,0

0,0,0,0,0,0,0,0,0,0,0,0,0

0,0,0,0,0,0,0,0,0,0,0,0,0

0,0,0,0,0,0,0,0,0,0,0,0,0

0,3,0,0,0,0,1,0,0,0,0,0.6223876210909914,5

0,0,1,0,0,1,0,0,0,0,1,0.36337212564571997,4

0,2,0,0,0,3,1,1,0,1,0,0.3517774968247309,2

0,0,0,0,0,0,0,0,0,0,0,0,0

0,0,0,0,0,0,0,0,0,0,0,0,0

0,0,0,0,0,0,0,0,0,0,0,0,0

0,0,0,0,0,0,0,0,0,0,0,0,0

0,0,0,0,0,0,0,0,0,0,0,0,0

0,0,0,0,0,0,0,0,0,0,0,0,0

0,3,0,0,0,0,1,0,0,0,0,0.6223876210909914,5

0,0,1,0,0,1,0,0,0,0,1,0.36337212564571997,4

0,2,0,0,0,3,1,1,0,1,0,0.3517774968247309,2

0,2,0,0,0,3,0,0,0,1,0,0.3165116887501249,3

0,0,0,0,0,0,0,0,0,0,0,0,0

0,0,0,0,0,0,0,0,0,0,0,0,0

0,0,0,0,0,0,0,0,0,0,0,0,0

0,0,0,0,0,0,0,0,0,0,0,0,0

0,0,0,0,0,0,0,0,0,0,0,0,0

0,3,0,0,0,0,1,0,0,0,0,0.6223876210909914,5

0,0,1,0,0,1,0,0,0,0,1,0.36337212564571997,4

0,2,0,0,0,3,1,1,0,1,0,0.3517774968247309,2

0,2,0,0,0,3,0,0,0,1,0,0.3165116887501249,3

0,0,3,0,0,0,0,0,0,0,1,0.9977575570554124,4

0,0,0,0,0,0,0,0,0,0,0,0,0

0,0,0,0,0,0,0,0,0,0,0,0,0

0,0,0,0,0,0,0,0,0,0,0,0,0

0,0,0,0,0,0,0,0,0,0,0,0,0

0,3,0,0,0,0,1,0,0,0,0,0.6223876210909914,5

0,0,1,0,0,1,0,0,0,0,1,0.36337212564571997,4

0,2,0,0,0,3,1,1,0,1,0,0.3517774968247309,2

0,2,0,0,0,3,0,0,0,1,0,0.3165116887501249,3

0,0,3,0,0,0,0,0,0,0,1,0.9977575570554124,4

0,1,2,0,0,0,0,1,0,0,0,0.10595483349349644,3

0,0,0,0,0,0,0,0,0,0,0,0,0

0,0,0,0,0,0,0,0,0,0,0,0,0

0,0,0,0,0,0,0,0,0,0,0,0,0

0,3,0,0,0,0,1,0,0,0,0,0.6223876210909914,5

0,0,1,0,0,1,0,0,0,0,1,0.36337212564571997,4

0,2,0,0,0,3,1,1,0,1,0,0.3517774968247309,2

0,2,0,0,0,3,0,0,0,1,0,0.3165116887501249,3

0,0,3,0,0,0,0,0,0,0,1,0.9977575570554124,4

0,1,2,0,0,0,0,1,0,0,0,0.10595483349349644,3

0,1,0,2,0,1,0,1,0,0,0,0.5012621559437379,1

0,0,0,0,0,0,0,0,0,0,0,0,0

0,0,0,0,0,0,0,0,0,0,0,0,0

0,3,0,0,0,0,1,0,0,0,0,0.6223876210909914,5

0,0,1,0,0,1,0,0,0,0,1,0.36337212564571997,4

0,2,0,0,0,3,1,1,0,1,0,0.3517774968247309,2

0,2,0,0,0,3,0,0,0,1,0,0.3165116887501249,3

0,0,3,0,0,0,0,0,0,0,1,0.9977575570554124,4

0,1,2,0,0,0,0,1,0,0,0,0.10595483349349644,3

0,1,0,2,0,1,0,1,0,0,0,0.5012621559437379,1

0,2,0,0,0,0,0,0,1,0,0,0.7931199101673411,3

0,0,0,0,0,0,0,0,0,0,0,0,0

0,3,0,0,0,0,1,0,0,0,0,0.6223876210909914,5

0,0,1,0,0,1,0,0,0,0,1,0.36337212564571997,4

0,2,0,0,0,3,1,1,0,1,0,0.3517774968247309,2

0,2,0,0,0,3,0,0,0,1,0,0.3165116887501249,3

0,0,3,0,0,0,0,0,0,0,1,0.9977575570554124,4

0,1,2,0,0,0,0,1,0,0,0,0.10595483349349644,3

0,1,0,2,0,1,0,1,0,0,0,0.5012621559437379,1

0,2,0,0,0,0,0,0,1,0,0,0.7931199101673411,3

0,0,1,0,0,4,0,1,0,0,0,0.982253768297218,4

0,3,0,0,0,0,1,0,0,0,0,0.6223876210909914,5

0,0,1,0,0,1,0,0,0,0,1,0.36337212564571997,4

0,2,0,0,0,3,1,1,0,1,0,0.3517774968247309,2

0,2,0,0,0,3,0,0,0,1,0,0.3165116887501249,3

0,0,3,0,0,0,0,0,0,0,1,0.9977575570554124,4

0,1,2,0,0,0,0,1,0,0,0,0.10595483349349644,3

0,1,0,2,0,1,0,1,0,0,0,0.5012621559437379,1

0,2,0,0,0,0,0,0,1,0,0,0.7931199101673411,3

0,0,1,0,0,4,0,1,0,0,0,0.982253768297218,4

0,0,0,0,0,1,0,1,0,0,0,0.7953170732003856,5

0,0,0,0,0,0,0,0,0,0,0,0,0

0,0,0,0,0,0,0,0,0,0,0,0,0

0,0,0,0,0,0,0,0,0,0,0,0,0

0,0,0,0,0,0,0,0,0,0,0,0,0

0,0,0,0,0,0,0,0,0,0,0,0,0

0,0,0,0,0,0,0,0,0,0,0,0,0

0,0,0,0,0,0,0,0,0,0,0,0,0

0,0,0,0,0,0,0,0,0,0,0,0,0

0,0,0,0,0,0,0,0,0,0,0,0,0

2,0,0,0,0,2,0,0,0,1,0,0.6883353531565957,5

0,0,0,0,0,0,0,0,0,0,0,0,0

0,0,0,0,0,0,0,0,0,0,0,0,0

0,0,0,0,0,0,0,0,0,0,0,0,0

0,0,0,0,0,0,0,0,0,0,0,0,0

0,0,0,0,0,0,0,0,0,0,0,0,0

0,0,0,0,0,0,0,0,0,0,0,0,0

0,0,0,0,0,0,0,0,0,0,0,0,0

0,0,0,0,0,0,0,0,0,0,0,0,0

2,0,0,0,0,2,0,0,0,1,0,0.6883353531565957,5

1,0,1,0,0,0,1,1,0,1,0,0.9644297043248673,3

0,0,0,0,0,0,0,0,0,0,0,0,0

0,0,0,0,0,0,0,0,0,0,0,0,0

0,0,0,0,0,0,0,0,0,0,0,0,0

0,0,0,0,0,0,0,0,0,0,0,0,0

0,0,0,0,0,0,0,0,0,0,0,0,0

0,0,0,0,0,0,0,0,0,0,0,0,0

0,0,0,0,0,0,0,0,0,0,0,0,0

2,0,0,0,0,2,0,0,0,1,0,0.6883353531565957,5

1,0,1,0,0,0,1,1,0,1,0,0.9644297043248673,3

0,0,2,0,0,0,0,0,0,0,1,0.7049389208783002,2

0,0,0,0,0,0,0,0,0,0,0,0,0

0,0,0,0,0,0,0,0,0,0,0,0,0

0,0,0,0,0,0,0,0,0,0,0,0,0

0,0,0,0,0,0,0,0,0,0,0,0,0

0,0,0,0,0,0,0,0,0,0,0,0,0

0,0,0,0,0,0,0,0,0,0,0,0,0

2,0,0,0,0,2,0,0,0,1,0,0.6883353531565957,5

1,0,1,0,0,0,1,1,0,1,0,0.9644297043248673,3

0,0,2,0,0,0,0,0,0,0,1,0.7049389208783002,2

1,0,0,0,0,2,0,0,1,0,1,0.3374509117764046,4

0,0,0,0,0,0,0,0,0,0,0,0,0

0,0,0,0,0,0,0,0,0,0,0,0,0

0,0,0,0,0,0,0,0,0,0,0,0,0

0,0,0,0,0,0,0,0,0,0,0,0,0

0,0,0,0,0,0,0,0,0,0,0,0,0

2,0,0,0,0,2,0,0,0,1,0,0.6883353531565957,5

1,0,1,0,0,0,1,1,0,1,0,0.9644297043248673,3

0,0,2,0,0,0,0,0,0,0,1,0.7049389208783002,2

1,0,0,0,0,2,0,0,1,0,1,0.3374509117764046,4

3,0,0,0,0,0,0,1,0,0,0,0.10543486242795153,4

0,0,0,0,0,0,0,0,0,0,0,0,0

0,0,0,0,0,0,0,0,0,0,0,0,0

0,0,0,0,0,0,0,0,0,0,0,0,0

0,0,0,0,0,0,0,0,0,0,0,0,0

2,0,0,0,0,2,0,0,0,1,0,0.6883353531565957,5

1,0,1,0,0,0,1,1,0,1,0,0.9644297043248673,3

0,0,2,0,0,0,0,0,0,0,1,0.7049389208783002,2

1,0,0,0,0,2,0,0,1,0,1,0.3374509117764046,4

3,0,0,0,0,0,0,1,0,0,0,0.10543486242795153,4

2,0,0,0,0,0,0,0,0,1,0,0.888972711637999,4

0,0,0,0,0,0,0,0,0,0,0,0,0

0,0,0,0,0,0,0,0,0,0,0,0,0

0,0,0,0,0,0,0,0,0,0,0,0,0

2,0,0,0,0,2,0,0,0,1,0,0.6883353531565957,5

1,0,1,0,0,0,1,1,0,1,0,0.9644297043248673,3

0,0,2,0,0,0,0,0,0,0,1,0.7049389208783002,2

1,0,0,0,0,2,0,0,1,0,1,0.3374509117764046,4

3,0,0,0,0,0,0,1,0,0,0,0.10543486242795153,4

2,0,0,0,0,0,0,0,0,1,0,0.888972711637999,4

2,0,0,0,0,0,0,1,0,0,1,0.5542499397354591,3

0,0,0,0,0,0,0,0,0,0,0,0,0

0,0,0,0,0,0,0,0,0,0,0,0,0

2,0,0,0,0,2,0,0,0,1,0,0.6883353531565957,5

1,0,1,0,0,0,1,1,0,1,0,0.9644297043248673,3

0,0,2,0,0,0,0,0,0,0,1,0.7049389208783002,2

1,0,0,0,0,2,0,0,1,0,1,0.3374509117764046,4

3,0,0,0,0,0,0,1,0,0,0,0.10543486242795153,4

2,0,0,0,0,0,0,0,0,1,0,0.888972711637999,4

2,0,0,0,0,0,0,1,0,0,1,0.5542499397354591,3

0,0,0,0,1,4,0,0,0,0,1,0.7568557893749499,4

0,0,0,0,0,0,0,0,0,0,0,0,0

2,0,0,0,0,2,0,0,0,1,0,0.6883353531565957,5

1,0,1,0,0,0,1,1,0,1,0,0.9644297043248673,3

0,0,2,0,0,0,0,0,0,0,1,0.7049389208783002,2

1,0,0,0,0,2,0,0,1,0,1,0.3374509117764046,4

3,0,0,0,0,0,0,1,0,0,0,0.10543486242795153,4

2,0,0,0,0,0,0,0,0,1,0,0.888972711637999,4

2,0,0,0,0,0,0,1,0,0,1,0.5542499397354591,3

0,0,0,0,1,4,0,0,0,0,1,0.7568557893749499,4

2,0,1,0,0,3,1,0,0,0,0,0.8130897311375084,4

2,0,0,0,0,2,0,0,0,1,0,0.6883353531565957,5

1,0,1,0,0,0,1,1,0,1,0,0.9644297043248673,3

0,0,2,0,0,0,0,0,0,0,1,0.7049389208783002,2

1,0,0,0,0,2,0,0,1,0,1,0.3374509117764046,4

3,0,0,0,0,0,0,1,0,0,0,0.10543486242795153,4

2,0,0,0,0,0,0,0,0,1,0,0.888972711637999,4

2,0,0,0,0,0,0,1,0,0,1,0.5542499397354591,3

0,0,0,0,1,4,0,0,0,0,1,0.7568557893749499,4

2,0,1,0,0,3,1,0,0,0,0,0.8130897311375084,4

2,0,0,0,0,4,0,1,0,0,0,0.7509586200926884,2

0,0,0,0,0,0,0,0,0,0,0,0,0

0,0,0,0,0,0,0,0,0,0,0,0,0

0,0,0,0,0,0,0,0,0,0,0,0,0

0,0,0,0,0,0,0,0,0,0,0,0,0

0,0,0,0,0,0,0,0,0,0,0,0,0

0,0,0,0,0,0,0,0,0,0,0,0,0

0,0,0,0,0,0,0,0,0,0,0,0,0

0,0,0,0,0,0,0,0,0,0,0,0,0

0,0,0,0,0,0,0,0,0,0,0,0,0

0,2,0,1,0,0,1,0,1,0,0,0.6061395336049406,4

0,0,0,0,0,0,0,0,0,0,0,0,0

0,0,0,0,0,0,0,0,0,0,0,0,0

0,0,0,0,0,0,0,0,0,0,0,0,0

0,0,0,0,0,0,0,0,0,0,0,0,0

0,0,0,0,0,0,0,0,0,0,0,0,0

0,0,0,0,0,0,0,0,0,0,0,0,0

0,0,0,0,0,0,0,0,0,0,0,0,0

0,0,0,0,0,0,0,0,0,0,0,0,0

0,2,0,1,0,0,1,0,1,0,0,0.6061395336049406,4

0,1,0,4,0,0,0,1,0,0,0,0.27663143810582047,2

0,0,0,0,0,0,0,0,0,0,0,0,0

0,0,0,0,0,0,0,0,0,0,0,0,0

0,0,0,0,0,0,0,0,0,0,0,0,0

0,0,0,0,0,0,0,0,0,0,0,0,0

0,0,0,0,0,0,0,0,0,0,0,0,0

0,0,0,0,0,0,0,0,0,0,0,0,0

0,0,0,0,0,0,0,0,0,0,0,0,0

0,2,0,1,0,0,1,0,1,0,0,0.6061395336049406,4

0,1,0,4,0,0,0,1,0,0,0,0.27663143810582047,2

0,0,0,0,0,2,0,0,0,1,0,0.047029364340692714,4

0,0,0,0,0,0,0,0,0,0,0,0,0

0,0,0,0,0,0,0,0,0,0,0,0,0

0,0,0,0,0,0,0,0,0,0,0,0,0

0,0,0,0,0,0,0,0,0,0,0,0,0

0,0,0,0,0,0,0,0,0,0,0,0,0

0,0,0,0,0,0,0,0,0,0,0,0,0

0,2,0,1,0,0,1,0,1,0,0,0.6061395336049406,4

0,1,0,4,0,0,0,1,0,0,0,0.27663143810582047,2

0,0,0,0,0,2,0,0,0,1,0,0.047029364340692714,4

0,2,0,0,0,0,0,1,1,0,0,0.9144260506113858,4

0,0,0,0,0,0,0,0,0,0,0,0,0

0,0,0,0,0,0,0,0,0,0,0,0,0

0,0,0,0,0,0,0,0,0,0,0,0,0

0,0,0,0,0,0,0,0,0,0,0,0,0

0,0,0,0,0,0,0,0,0,0,0,0,0

0,2,0,1,0,0,1,0,1,0,0,0.6061395336049406,4

0,1,0,4,0,0,0,1,0,0,0,0.27663143810582047,2

0,0,0,0,0,2,0,0,0,1,0,0.047029364340692714,4

0,2,0,0,0,0,0,1,1,0,0,0.9144260506113858,4

0,1,0,0,0,0,0,0,0,0,1,0.8891604731861132,5

0,0,0,0,0,0,0,0,0,0,0,0,0

0,0,0,0,0,0,0,0,0,0,0,0,0

0,0,0,0,0,0,0,0,0,0,0,0,0

0,0,0,0,0,0,0,0,0,0,0,0,0

0,2,0,1,0,0,1,0,1,0,0,0.6061395336049406,4

0,1,0,4,0,0,0,1,0,0,0,0.27663143810582047,2

0,0,0,0,0,2,0,0,0,1,0,0.047029364340692714,4

0,2,0,0,0,0,0,1,1,0,0,0.9144260506113858,4

0,1,0,0,0,0,0,0,0,0,1,0.8891604731861132,5

0,1,0,0,0,0,1,0,1,0,0,0.936863920746374,4

0,0,0,0,0,0,0,0,0,0,0,0,0

0,0,0,0,0,0,0,0,0,0,0,0,0

0,0,0,0,0,0,0,0,0,0,0,0,0

0,2,0,1,0,0,1,0,1,0,0,0.6061395336049406,4

0,1,0,4,0,0,0,1,0,0,0,0.27663143810582047,2

0,0,0,0,0,2,0,0,0,1,0,0.047029364340692714,4

0,2,0,0,0,0,0,1,1,0,0,0.9144260506113858,4

0,1,0,0,0,0,0,0,0,0,1,0.8891604731861132,5

0,1,0,0,0,0,1,0,1,0,0,0.936863920746374,4

0,2,0,0,0,0,0,0,1,0,1,0.19577262319713995,5

0,0,0,0,0,0,0,0,0,0,0,0,0

0,0,0,0,0,0,0,0,0,0,0,0,0

0,2,0,1,0,0,1,0,1,0,0,0.6061395336049406,4

0,1,0,4,0,0,0,1,0,0,0,0.27663143810582047,2

0,0,0,0,0,2,0,0,0,1,0,0.047029364340692714,4

0,2,0,0,0,0,0,1,1,0,0,0.9144260506113858,4

0,1,0,0,0,0,0,0,0,0,1,0.8891604731861132,5

0,1,0,0,0,0,1,0,1,0,0,0.936863920746374,4

0,2,0,0,0,0,0,0,1,0,1,0.19577262319713995,5

0,0,0,1,0,0,1,0,0,0,0,0.6550830513147252,4

0,0,0,0,0,0,0,0,0,0,0,0,0

0,2,0,1,0,0,1,0,1,0,0,0.6061395336049406,4

0,1,0,4,0,0,0,1,0,0,0,0.27663143810582047,2

0,0,0,0,0,2,0,0,0,1,0,0.047029364340692714,4

0,2,0,0,0,0,0,1,1,0,0,0.9144260506113858,4

0,1,0,0,0,0,0,0,0,0,1,0.8891604731861132,5

0,1,0,0,0,0,1,0,1,0,0,0.936863920746374,4

0,2,0,0,0,0,0,0,1,0,1,0.19577262319713995,5

0,0,0,1,0,0,1,0,0,0,0,0.6550830513147252,4

0,0,0,0,0,3,0,0,0,1,0,0.888200052218952,4

0,2,0,1,0,0,1,0,1,0,0,0.6061395336049406,4

0,1,0,4,0,0,0,1,0,0,0,0.27663143810582047,2

0,0,0,0,0,2,0,0,0,1,0,0.047029364340692714,4

0,2,0,0,0,0,0,1,1,0,0,0.9144260506113858,4

0,1,0,0,0,0,0,0,0,0,1,0.8891604731861132,5

0,1,0,0,0,0,1,0,1,0,0,0.936863920746374,4

0,2,0,0,0,0,0,0,1,0,1,0.19577262319713995,5

0,0,0,1,0,0,1,0,0,0,0,0.6550830513147252,4

0,0,0,0,0,3,0,0,0,1,0,0.888200052218952,4

0,3,0,0,0,0,1,0,0,1,0,0.663446323284786,4

0,0,0,0,0,0,0,0,0,0,0,0,0

0,0,0,0,0,0,0,0,0,0,0,0,0

0,0,0,0,0,0,0,0,0,0,0,0,0

0,0,0,0,0,0,0,0,0,0,0,0,0

0,0,0,0,0,0,0,0,0,0,0,0,0

0,0,0,0,0,0,0,0,0,0,0,0,0

0,0,0,0,0,0,0,0,0,0,0,0,0

0,0,0,0,0,0,0,0,0,0,0,0,0

0,0,0,0,0,0,0,0,0,0,0,0,0

2,2,0,0,0,2,0,1,0,0,0,0.2721319657911304,4

0,0,0,0,0,0,0,0,0,0,0,0,0

0,0,0,0,0,0,0,0,0,0,0,0,0

0,0,0,0,0,0,0,0,0,0,0,0,0

0,0,0,0,0,0,0,0,0,0,0,0,0

0,0,0,0,0,0,0,0,0,0,0,0,0

0,0,0,0,0,0,0,0,0,0,0,0,0

0,0,0,0,0,0,0,0,0,0,0,0,0

0,0,0,0,0,0,0,0,0,0,0,0,0

2,2,0,0,0,2,0,1,0,0,0,0.2721319657911304,4

4,3,0,0,0,0,0,0,1,0,0,0.6905264208609108,3

0,0,0,0,0,0,0,0,0,0,0,0,0

0,0,0,0,0,0,0,0,0,0,0,0,0

0,0,0,0,0,0,0,0,0,0,0,0,0

0,0,0,0,0,0,0,0,0,0,0,0,0

0,0,0,0,0,0,0,0,0,0,0,0,0

0,0,0,0,0,0,0,0,0,0,0,0,0

0,0,0,0,0,0,0,0,0,0,0,0,0

2,2,0,0,0,2,0,1,0,0,0,0.2721319657911304,4

4,3,0,0,0,0,0,0,1,0,0,0.6905264208609108,3

2,0,0,0,0,0,0,0,0,1,0,0.670309289053779,5

0,0,0,0,0,0,0,0,0,0,0,0,0

0,0,0,0,0,0,0,0,0,0,0,0,0

0,0,0,0,0,0,0,0,0,0,0,0,0

0,0,0,0,0,0,0,0,0,0,0,0,0

0,0,0,0,0,0,0,0,0,0,0,0,0

0,0,0,0,0,0,0,0,0,0,0,0,0

2,2,0,0,0,2,0,1,0,0,0,0.2721319657911304,4

4,3,0,0,0,0,0,0,1,0,0,0.6905264208609108,3

2,0,0,0,0,0,0,0,0,1,0,0.670309289053779,5

0,0,1,0,0,0,0,0,0,1,0,0.09481275111361709,3

0,0,0,0,0,0,0,0,0,0,0,0,0

0,0,0,0,0,0,0,0,0,0,0,0,0

0,0,0,0,0,0,0,0,0,0,0,0,0

0,0,0,0,0,0,0,0,0,0,0,0,0

0,0,0,0,0,0,0,0,0,0,0,0,0

2,2,0,0,0,2,0,1,0,0,0,0.2721319657911304,4

4,3,0,0,0,0,0,0,1,0,0,0.6905264208609108,3

2,0,0,0,0,0,0,0,0,1,0,0.670309289053779,5

0,0,1,0,0,0,0,0,0,1,0,0.09481275111361709,3

4,0,0,0,0,0,1,0,0,0,0,0.9349416987909195,5

0,0,0,0,0,0,0,0,0,0,0,0,0

0,0,0,0,0,0,0,0,0,0,0,0,0

0,0,0,0,0,0,0,0,0,0,0,0,0

0,0,0,0,0,0,0,0,0,0,0,0,0

2,2,0,0,0,2,0,1,0,0,0,0.2721319657911304,4

4,3,0,0,0,0,0,0,1,0,0,0.6905264208609108,3

2,0,0,0,0,0,0,0,0,1,0,0.670309289053779,5

0,0,1,0,0,0,0,0,0,1,0,0.09481275111361709,3

4,0,0,0,0,0,1,0,0,0,0,0.9349416987909195,5

0,1,0,0,0,0,1,0,0,0,0,0.29805566496266844,3

0,0,0,0,0,0,0,0,0,0,0,0,0

0,0,0,0,0,0,0,0,0,0,0,0,0

0,0,0,0,0,0,0,0,0,0,0,0,0

2,2,0,0,0,2,0,1,0,0,0,0.2721319657911304,4

4,3,0,0,0,0,0,0,1,0,0,0.6905264208609108,3

2,0,0,0,0,0,0,0,0,1,0,0.670309289053779,5

0,0,1,0,0,0,0,0,0,1,0,0.09481275111361709,3

4,0,0,0,0,0,1,0,0,0,0,0.9349416987909195,5

0,1,0,0,0,0,1,0,0,0,0,0.29805566496266844,3

1,0,0,0,0,1,0,0,1,0,0,0.15219232259135496,3

0,0,0,0,0,0,0,0,0,0,0,0,0

0,0,0,0,0,0,0,0,0,0,0,0,0

2,2,0,0,0,2,0,1,0,0,0,0.2721319657911304,4

4,3,0,0,0,0,0,0,1,0,0,0.6905264208609108,3

2,0,0,0,0,0,0,0,0,1,0,0.670309289053779,5

0,0,1,0,0,0,0,0,0,1,0,0.09481275111361709,3

4,0,0,0,0,0,1,0,0,0,0,0.9349416987909195,5

0,1,0,0,0,0,1,0,0,0,0,0.29805566496266844,3

1,0,0,0,0,1,0,0,1,0,0,0.15219232259135496,3

0,0,0,0,0,3,0,0,1,0,0,0.04491395642764662,4

0,0,0,0,0,0,0,0,0,0,0,0,0

2,2,0,0,0,2,0,1,0,0,0,0.2721319657911304,4

4,3,0,0,0,0,0,0,1,0,0,0.6905264208609108,3

2,0,0,0,0,0,0,0,0,1,0,0.670309289053779,5

0,0,1,0,0,0,0,0,0,1,0,0.09481275111361709,3

4,0,0,0,0,0,1,0,0,0,0,0.9349416987909195,5

0,1,0,0,0,0,1,0,0,0,0,0.29805566496266844,3

1,0,0,0,0,1,0,0,1,0,0,0.15219232259135496,3

0,0,0,0,0,3,0,0,1,0,0,0.04491395642764662,4

0,0,0,0,0,2,0,0,0,1,0,0.6246050680574631,4

2,2,0,0,0,2,0,1,0,0,0,0.2721319657911304,4

4,3,0,0,0,0,0,0,1,0,0,0.6905264208609108,3

2,0,0,0,0,0,0,0,0,1,0,0.670309289053779,5

0,0,1,0,0,0,0,0,0,1,0,0.09481275111361709,3

4,0,0,0,0,0,1,0,0,0,0,0.9349416987909195,5

0,1,0,0,0,0,1,0,0,0,0,0.29805566496266844,3

1,0,0,0,0,1,0,0,1,0,0,0.15219232259135496,3

0,0,0,0,0,3,0,0,1,0,0,0.04491395642764662,4

0,0,0,0,0,2,0,0,0,1,0,0.6246050680574631,4

1,0,0,0,0,0,0,0,0,1,0,0.30272815324851965,4

0,0,0,0,0,0,0,0,0,0,0,0,0

0,0,0,0,0,0,0,0,0,0,0,0,0

0,0,0,0,0,0,0,0,0,0,0,0,0

0,0,0,0,0,0,0,0,0,0,0,0,0

0,0,0,0,0,0,0,0,0,0,0,0,0

0,0,0,0,0,0,0,0,0,0,0,0,0

0,0,0,0,0,0,0,0,0,0,0,0,0

0,0,0,0,0,0,0,0,0,0,0,0,0

0,0,0,0,0,0,0,0,0,0,0,0,0

1,2,0,0,0,0,1,0,0,0,0,0.9290085049923297,4

0,0,0,0,0,0,0,0,0,0,0,0,0

0,0,0,0,0,0,0,0,0,0,0,0,0

0,0,0,0,0,0,0,0,0,0,0,0,0

0,0,0,0,0,0,0,0,0,0,0,0,0

0,0,0,0,0,0,0,0,0,0,0,0,0

0,0,0,0,0,0,0,0,0,0,0,0,0

0,0,0,0,0,0,0,0,0,0,0,0,0

0,0,0,0,0,0,0,0,0,0,0,0,0

1,2,0,0,0,0,1,0,0,0,0,0.9290085049923297,4

0,1,0,0,0,1,1,0,0,0,0,0.0688023271353464,3

0,0,0,0,0,0,0,0,0,0,0,0,0

0,0,0,0,0,0,0,0,0,0,0,0,0

0,0,0,0,0,0,0,0,0,0,0,0,0

0,0,0,0,0,0,0,0,0,0,0,0,0

0,0,0,0,0,0,0,0,0,0,0,0,0

0,0,0,0,0,0,0,0,0,0,0,0,0

0,0,0,0,0,0,0,0,0,0,0,0,0

1,2,0,0,0,0,1,0,0,0,0,0.9290085049923297,4

0,1,0,0,0,1,1,0,0,0,0,0.0688023271353464,3

0,2,0,0,0,2,0,0,1,1,0,0.5209332742750167,4

0,0,0,0,0,0,0,0,0,0,0,0,0

0,0,0,0,0,0,0,0,0,0,0,0,0

0,0,0,0,0,0,0,0,0,0,0,0,0

0,0,0,0,0,0,0,0,0,0,0,0,0

0,0,0,0,0,0,0,0,0,0,0,0,0

0,0,0,0,0,0,0,0,0,0,0,0,0

1,2,0,0,0,0,1,0,0,0,0,0.9290085049923297,4

0,1,0,0,0,1,1,0,0,0,0,0.0688023271353464,3

0,2,0,0,0,2,0,0,1,1,0,0.5209332742750167,4

0,3,0,0,0,0,0,0,0,1,0,0.9477625041766492,2

0,0,0,0,0,0,0,0,0,0,0,0,0

0,0,0,0,0,0,0,0,0,0,0,0,0

0,0,0,0,0,0,0,0,0,0,0,0,0

0,0,0,0,0,0,0,0,0,0,0,0,0

0,0,0,0,0,0,0,0,0,0,0,0,0

1,2,0,0,0,0,1,0,0,0,0,0.9290085049923297,4

0,1,0,0,0,1,1,0,0,0,0,0.0688023271353464,3

0,2,0,0,0,2,0,0,1,1,0,0.5209332742750167,4

0,3,0,0,0,0,0,0,0,1,0,0.9477625041766492,2

0,0,0,0,0,5,0,0,1,0,0,0.7109744336616485,2

0,0,0,0,0,0,0,0,0,0,0,0,0

0,0,0,0,0,0,0,0,0,0,0,0,0

0,0,0,0,0,0,0,0,0,0,0,0,0

0,0,0,0,0,0,0,0,0,0,0,0,0

1,2,0,0,0,0,1,0,0,0,0,0.9290085049923297,4

0,1,0,0,0,1,1,0,0,0,0,0.0688023271353464,3

0,2,0,0,0,2,0,0,1,1,0,0.5209332742750167,4

0,3,0,0,0,0,0,0,0,1,0,0.9477625041766492,2

0,0,0,0,0,5,0,0,1,0,0,0.7109744336616485,2

1,0,0,0,0,2,0,0,0,0,1,0.9710240995522732,4

0,0,0,0,0,0,0,0,0,0,0,0,0

0,0,0,0,0,0,0,0,0,0,0,0,0

0,0,0,0,0,0,0,0,0,0,0,0,0

1,2,0,0,0,0,1,0,0,0,0,0.9290085049923297,4

0,1,0,0,0,1,1,0,0,0,0,0.0688023271353464,3

0,2,0,0,0,2,0,0,1,1,0,0.5209332742750167,4

0,3,0,0,0,0,0,0,0,1,0,0.9477625041766492,2

0,0,0,0,0,5,0,0,1,0,0,0.7109744336616485,2

1,0,0,0,0,2,0,0,0,0,1,0.9710240995522732,4

0,4,0,0,0,0,1,0,1,0,0,0.45299544443064277,4

0,0,0,0,0,0,0,0,0,0,0,0,0

0,0,0,0,0,0,0,0,0,0,0,0,0

1,2,0,0,0,0,1,0,0,0,0,0.9290085049923297,4

0,1,0,0,0,1,1,0,0,0,0,0.0688023271353464,3

0,2,0,0,0,2,0,0,1,1,0,0.5209332742750167,4

0,3,0,0,0,0,0,0,0,1,0,0.9477625041766492,2

0,0,0,0,0,5,0,0,1,0,0,0.7109744336616485,2

1,0,0,0,0,2,0,0,0,0,1,0.9710240995522732,4

0,4,0,0,0,0,1,0,1,0,0,0.45299544443064277,4

3,0,0,0,0,0,0,0,0,1,0,0.9826932252372979,4

0,0,0,0,0,0,0,0,0,0,0,0,0

1,2,0,0,0,0,1,0,0,0,0,0.9290085049923297,4

0,1,0,0,0,1,1,0,0,0,0,0.0688023271353464,3

0,2,0,0,0,2,0,0,1,1,0,0.5209332742750167,4

0,3,0,0,0,0,0,0,0,1,0,0.9477625041766492,2

0,0,0,0,0,5,0,0,1,0,0,0.7109744336616485,2

1,0,0,0,0,2,0,0,0,0,1,0.9710240995522732,4

0,4,0,0,0,0,1,0,1,0,0,0.45299544443064277,4

3,0,0,0,0,0,0,0,0,1,0,0.9826932252372979,4

0,5,0,0,0,0,0,0,0,1,0,0.9579165157281806,3

1,2,0,0,0,0,1,0,0,0,0,0.9290085049923297,4

0,1,0,0,0,1,1,0,0,0,0,0.0688023271353464,3

0,2,0,0,0,2,0,0,1,1,0,0.5209332742750167,4

0,3,0,0,0,0,0,0,0,1,0,0.9477625041766492,2

0,0,0,0,0,5,0,0,1,0,0,0.7109744336616485,2

1,0,0,0,0,2,0,0,0,0,1,0.9710240995522732,4

0,4,0,0,0,0,1,0,1,0,0,0.45299544443064277,4

3,0,0,0,0,0,0,0,0,1,0,0.9826932252372979,4

0,5,0,0,0,0,0,0,0,1,0,0.9579165157281806,3

2,0,0,0,0,1,1,0,0,0,0,0.6495844412302507,5

0,0,0,0,0,0,0,0,0,0,0,0,0

0,0,0,0,0,0,0,0,0,0,0,0,0

0,0,0,0,0,0,0,0,0,0,0,0,0

0,0,0,0,0,0,0,0,0,0,0,0,0

0,0,0,0,0,0,0,0,0,0,0,0,0

0,0,0,0,0,0,0,0,0,0,0,0,0

0,0,0,0,0,0,0,0,0,0,0,0,0

0,0,0,0,0,0,0,0,0,0,0,0,0

0,0,0,0,0,0,0,0,0,0,0,0,0

0,0,0,0,1,0,0,0,0,1,0,0.9415609372379536,5

0,0,0,0,0,0,0,0,0,0,0,0,0

0,0,0,0,0,0,0,0,0,0,0,0,0

0,0,0,0,0,0,0,0,0,0,0,0,0

0,0,0,0,0,0,0,0,0,0,0,0,0

0,0,0,0,0,0,0,0,0,0,0,0,0

0,0,0,0,0,0,0,0,0,0,0,0,0

0,0,0,0,0,0,0,0,0,0,0,0,0

0,0,0,0,0,0,0,0,0,0,0,0,0

0,0,0,0,1,0,0,0,0,1,0,0.9415609372379536,5

0,0,0,0,2,1,0,0,0,0,1,0.41192433670757744,5

0,0,0,0,0,0,0,0,0,0,0,0,0

0,0,0,0,0,0,0,0,0,0,0,0,0

0,0,0,0,0,0,0,0,0,0,0,0,0

0,0,0,0,0,0,0,0,0,0,0,0,0

0,0,0,0,0,0,0,0,0,0,0,0,0

0,0,0,0,0,0,0,0,0,0,0,0,0

0,0,0,0,0,0,0,0,0,0,0,0,0

0,0,0,0,1,0,0,0,0,1,0,0.9415609372379536,5

0,0,0,0,2,1,0,0,0,0,1,0.41192433670757744,5

0,0,0,0,3,0,1,0,0,0,1,0.23677129585731105,4

0,0,0,0,0,0,0,0,0,0,0,0,0

0,0,0,0,0,0,0,0,0,0,0,0,0

0,0,0,0,0,0,0,0,0,0,0,0,0

0,0,0,0,0,0,0,0,0,0,0,0,0

0,0,0,0,0,0,0,0,0,0,0,0,0

0,0,0,0,0,0,0,0,0,0,0,0,0

0,0,0,0,1,0,0,0,0,1,0,0.9415609372379536,5

0,0,0,0,2,1,0,0,0,0,1,0.41192433670757744,5

0,0,0,0,3,0,1,0,0,0,1,0.23677129585731105,4

0,0,1,1,2,0,0,0,0,1,0,0.10383736232276941,2

0,0,0,0,0,0,0,0,0,0,0,0,0

0,0,0,0,0,0,0,0,0,0,0,0,0

0,0,0,0,0,0,0,0,0,0,0,0,0

0,0,0,0,0,0,0,0,0,0,0,0,0

0,0,0,0,0,0,0,0,0,0,0,0,0

0,0,0,0,1,0,0,0,0,1,0,0.9415609372379536,5

0,0,0,0,2,1,0,0,0,0,1,0.41192433670757744,5

0,0,0,0,3,0,1,0,0,0,1,0.23677129585731105,4

0,0,1,1,2,0,0,0,0,1,0,0.10383736232276941,2

0,0,0,0,2,2,0,1,0,0,0,0.05873986267773956,5

0,0,0,0,0,0,0,0,0,0,0,0,0

0,0,0,0,0,0,0,0,0,0,0,0,0

0,0,0,0,0,0,0,0,0,0,0,0,0

0,0,0,0,0,0,0,0,0,0,0,0,0

0,0,0,0,1,0,0,0,0,1,0,0.9415609372379536,5

0,0,0,0,2,1,0,0,0,0,1,0.41192433670757744,5

0,0,0,0,3,0,1,0,0,0,1,0.23677129585731105,4

0,0,1,1,2,0,0,0,0,1,0,0.10383736232276941,2

0,0,0,0,2,2,0,1,0,0,0,0.05873986267773956,5

0,0,0,0,0,1,0,0,0,1,0,0.6040520148745566,4

0,0,0,0,0,0,0,0,0,0,0,0,0

0,0,0,0,0,0,0,0,0,0,0,0,0

0,0,0,0,0,0,0,0,0,0,0,0,0

0,0,0,0,1,0,0,0,0,1,0,0.9415609372379536,5

0,0,0,0,2,1,0,0,0,0,1,0.41192433670757744,5

0,0,0,0,3,0,1,0,0,0,1,0.23677129585731105,4

0,0,1,1,2,0,0,0,0,1,0,0.10383736232276941,2

0,0,0,0,2,2,0,1,0,0,0,0.05873986267773956,5

0,0,0,0,0,1,0,0,0,1,0,0.6040520148745566,4

0,0,0,0,3,0,0,0,0,1,0,0.2817123399649972,2

0,0,0,0,0,0,0,0,0,0,0,0,0

0,0,0,0,0,0,0,0,0,0,0,0,0

0,0,0,0,1,0,0,0,0,1,0,0.9415609372379536,5

0,0,0,0,2,1,0,0,0,0,1,0.41192433670757744,5

0,0,0,0,3,0,1,0,0,0,1,0.23677129585731105,4

0,0,1,1,2,0,0,0,0,1,0,0.10383736232276941,2

0,0,0,0,2,2,0,1,0,0,0,0.05873986267773956,5

0,0,0,0,0,1,0,0,0,1,0,0.6040520148745566,4

0,0,0,0,3,0,0,0,0,1,0,0.2817123399649972,2

0,0,0,0,1,0,0,0,0,1,1,0.012197204990677224,4

0,0,0,0,0,0,0,0,0,0,0,0,0

0,0,0,0,1,0,0,0,0,1,0,0.9415609372379536,5

0,0,0,0,2,1,0,0,0,0,1,0.41192433670757744,5

0,0,0,0,3,0,1,0,0,0,1,0.23677129585731105,4

0,0,1,1,2,0,0,0,0,1,0,0.10383736232276941,2

0,0,0,0,2,2,0,1,0,0,0,0.05873986267773956,5

0,0,0,0,0,1,0,0,0,1,0,0.6040520148745566,4

0,0,0,0,3,0,0,0,0,1,0,0.2817123399649972,2

0,0,0,0,1,0,0,0,0,1,1,0.012197204990677224,4

0,0,0,0,1,0,0,0,0,0,1,0.21327982715660265,4

0,0,0,0,1,0,0,0,0,1,0,0.9415609372379536,5

0,0,0,0,2,1,0,0,0,0,1,0.41192433670757744,5

0,0,0,0,3,0,1,0,0,0,1,0.23677129585731105,4

0,0,1,1,2,0,0,0,0,1,0,0.10383736232276941,2

0,0,0,0,2,2,0,1,0,0,0,0.05873986267773956,5

0,0,0,0,0,1,0,0,0,1,0,0.6040520148745566,4

0,0,0,0,3,0,0,0,0,1,0,0.2817123399649972,2

0,0,0,0,1,0,0,0,0,1,1,0.012197204990677224,4

0,0,0,0,1,0,0,0,0,0,1,0.21327982715660265,4

0,0,0,0,3,0,0,0,0,1,0,0.855446139754894,4

0,0,0,0,0,0,0,0,0,0,0,0,0

0,0,0,0,0,0,0,0,0,0,0,0,0

0,0,0,0,0,0,0,0,0,0,0,0,0

0,0,0,0,0,0,0,0,0,0,0,0,0

0,0,0,0,0,0,0,0,0,0,0,0,0

0,0,0,0,0,0,0,0,0,0,0,0,0

0,0,0,0,0,0,0,0,0,0,0,0,0

0,0,0,0,0,0,0,0,0,0,0,0,0

0,0,0,0,0,0,0,0,0,0,0,0,0

0,0,0,2,3,0,1,0,0,0,1,0.5924842906488796,5

0,0,0,0,0,0,0,0,0,0,0,0,0

0,0,0,0,0,0,0,0,0,0,0,0,0

0,0,0,0,0,0,0,0,0,0,0,0,0

0,0,0,0,0,0,0,0,0,0,0,0,0

0,0,0,0,0,0,0,0,0,0,0,0,0

0,0,0,0,0,0,0,0,0,0,0,0,0

0,0,0,0,0,0,0,0,0,0,0,0,0

0,0,0,0,0,0,0,0,0,0,0,0,0

0,0,0,2,3,0,1,0,0,0,1,0.5924842906488796,5

0,0,1,5,2,0,0,1,0,0,0,0.4214419355955461,2

0,0,0,0,0,0,0,0,0,0,0,0,0

0,0,0,0,0,0,0,0,0,0,0,0,0

0,0,0,0,0,0,0,0,0,0,0,0,0

0,0,0,0,0,0,0,0,0,0,0,0,0

0,0,0,0,0,0,0,0,0,0,0,0,0

0,0,0,0,0,0,0,0,0,0,0,0,0

0,0,0,0,0,0,0,0,0,0,0,0,0

0,0,0,2,3,0,1,0,0,0,1,0.5924842906488796,5

0,0,1,5,2,0,0,1,0,0,0,0.4214419355955461,2

0,0,0,1,0,0,0,0,0,1,0,0.10807968030493442,5

0,0,0,0,0,0,0,0,0,0,0,0,0

0,0,0,0,0,0,0,0,0,0,0,0,0

0,0,0,0,0,0,0,0,0,0,0,0,0

0,0,0,0,0,0,0,0,0,0,0,0,0

0,0,0,0,0,0,0,0,0,0,0,0,0

0,0,0,0,0,0,0,0,0,0,0,0,0

0,0,0,2,3,0,1,0,0,0,1,0.5924842906488796,5

0,0,1,5,2,0,0,1,0,0,0,0.4214419355955461,2

0,0,0,1,0,0,0,0,0,1,0,0.10807968030493442,5

0,0,0,2,2,3,1,0,0,0,0,0.5106887757055226,4

0,0,0,0,0,0,0,0,0,0,0,0,0

0,0,0,0,0,0,0,0,0,0,0,0,0

0,0,0,0,0,0,0,0,0,0,0,0,0

0,0,0,0,0,0,0,0,0,0,0,0,0

0,0,0,0,0,0,0,0,0,0,0,0,0

0,0,0,2,3,0,1,0,0,0,1,0.5924842906488796,5

0,0,1,5,2,0,0,1,0,0,0,0.4214419355955461,2

0,0,0,1,0,0,0,0,0,1,0,0.10807968030493442,5

0,0,0,2,2,3,1,0,0,0,0,0.5106887757055226,4

0,0,0,1,0,0,1,0,0,0,1,0.7188375942033663,4

0,0,0,0,0,0,0,0,0,0,0,0,0

0,0,0,0,0,0,0,0,0,0,0,0,0

0,0,0,0,0,0,0,0,0,0,0,0,0

0,0,0,0,0,0,0,0,0,0,0,0,0

0,0,0,2,3,0,1,0,0,0,1,0.5924842906488796,5

0,0,1,5,2,0,0,1,0,0,0,0.4214419355955461,2

0,0,0,1,0,0,0,0,0,1,0,0.10807968030493442,5

0,0,0,2,2,3,1,0,0,0,0,0.5106887757055226,4

0,0,0,1,0,0,1,0,0,0,1,0.7188375942033663,4

0,0,0,2,0,0,1,0,0,0,0,0.2349045249255185,3

0,0,0,0,0,0,0,0,0,0,0,0,0

0,0,0,0,0,0,0,0,0,0,0,0,0

0,0,0,0,0,0,0,0,0,0,0,0,0

0,0,0,2,3,0,1,0,0,0,1,0.5924842906488796,5

0,0,1,5,2,0,0,1,0,0,0,0.4214419355955461,2

0,0,0,1,0,0,0,0,0,1,0,0.10807968030493442,5

0,0,0,2,2,3,1,0,0,0,0,0.5106887757055226,4

0,0,0,1,0,0,1,0,0,0,1,0.7188375942033663,4

0,0,0,2,0,0,1,0,0,0,0,0.2349045249255185,3

0,0,0,3,1,0,1,1,0,0,0,0.5545312904201076,4

0,0,0,0,0,0,0,0,0,0,0,0,0

0,0,0,0,0,0,0,0,0,0,0,0,0

0,0,0,2,3,0,1,0,0,0,1,0.5924842906488796,5

0,0,1,5,2,0,0,1,0,0,0,0.4214419355955461,2

0,0,0,1,0,0,0,0,0,1,0,0.10807968030493442,5

0,0,0,2,2,3,1,0,0,0,0,0.5106887757055226,4

0,0,0,1,0,0,1,0,0,0,1,0.7188375942033663,4

0,0,0,2,0,0,1,0,0,0,0,0.2349045249255185,3

0,0,0,3,1,0,1,1,0,0,0,0.5545312904201076,4

0,0,0,0,2,0,0,0,1,1,0,0.31725114726353554,4

0,0,0,0,0,0,0,0,0,0,0,0,0

0,0,0,2,3,0,1,0,0,0,1,0.5924842906488796,5

0,0,1,5,2,0,0,1,0,0,0,0.4214419355955461,2

0,0,0,1,0,0,0,0,0,1,0,0.10807968030493442,5

0,0,0,2,2,3,1,0,0,0,0,0.5106887757055226,4

0,0,0,1,0,0,1,0,0,0,1,0.7188375942033663,4

0,0,0,2,0,0,1,0,0,0,0,0.2349045249255185,3

0,0,0,3,1,0,1,1,0,0,0,0.5545312904201076,4

0,0,0,0,2,0,0,0,1,1,0,0.31725114726353554,4

0,0,0,4,0,2,1,0,0,0,0,0.019502053778280515,4

0,0,0,2,3,0,1,0,0,0,1,0.5924842906488796,5

0,0,1,5,2,0,0,1,0,0,0,0.4214419355955461,2

0,0,0,1,0,0,0,0,0,1,0,0.10807968030493442,5

0,0,0,2,2,3,1,0,0,0,0,0.5106887757055226,4

0,0,0,1,0,0,1,0,0,0,1,0.7188375942033663,4

0,0,0,2,0,0,1,0,0,0,0,0.2349045249255185,3

0,0,0,3,1,0,1,1,0,0,0,0.5545312904201076,4

0,0,0,0,2,0,0,0,1,1,0,0.31725114726353554,4

0,0,0,4,0,2,1,0,0,0,0,0.019502053778280515,4

0,0,0,0,4,0,1,0,0,0,1,0.07954994337195609,5

0,0,0,0,0,0,0,0,0,0,0,0,0
0,0,0,0,0,0,0,0,0,0,0,0,0
0,0,0,0,0,0,0,0,0,0,0,0,0
0,0,0,0,0,0,0,0,0,0,0,0,0
0,0,0,0,0,0,0,0,0,0,0,0,0
0,0,0,0,0,0,0,0,0,0,0,0,0
0,0,0,0,0,0,0,0,0,0,0,0,0
0,0,0,0,0,0,0,0,0,0,0,0,0
0,0,0,0,0,0,0,0,0,0,0,0,0
0,0,2,0,0,0,0,1,0,0,0,0.9088485220032334,3
0,0,0,0,0,0,0,0,0,0,0,0,0
0,0,0,0,0,0,0,0,0,0,0,0,0
0,0,0,0,0,0,0,0,0,0,0,0,0
0,0,0,0,0,0,0,0,0,0,0,0,0
0,0,0,0,0,0,0,0,0,0,0,0,0
0,0,0,0,0,0,0,0,0,0,0,0,0
0,0,0,0,0,0,0,0,0,0,0,0,0
0,0,0,0,0,0,0,0,0,0,0,0,0
0,0,2,0,0,0,0,1,0,0,0,0.9088485220032334,3
0,0,3,0,0,0,0,1,0,0,0,0.22119351941593635,4
0,0,0,0,0,0,0,0,0,0,0,0,0
0,0,0,0,0,0,0,0,0,0,0,0,0
0,0,0,0,0,0,0,0,0,0,0,0,0
0,0,0,0,0,0,0,0,0,0,0,0,0
0,0,0,0,0,0,0,0,0,0,0,0,0
0,0,0,0,0,0,0,0,0,0,0,0,0
0,0,0,0,0,0,0,0,0,0,0,0,0
0,0,2,0,0,0,0,1,0,0,0,0.9088485220032334,3
0,0,3,0,0,0,0,1,0,0,0,0.22119351941593635,4
0,0,2,0,0,0,1,0,0,0,0,0.8829410160079199,4
0,0,0,0,0,0,0,0,0,0,0,0,0
0,0,0,0,0,0,0,0,0,0,0,0,0
0,0,0,0,0,0,0,0,0,0,0,0,0
0,0,0,0,0,0,0,0,0,0,0,0,0
0,0,0,0,0,0,0,0,0,0,0,0,0
0,0,0,0,0,0,0,0,0,0,0,0,0
0,0,2,0,0,0,0,1,0,0,0,0.9088485220032334,3
0,0,3,0,0,0,0,1,0,0,0,0.22119351941593635,4
0,0,2,0,0,0,1,0,0,0,0,0.8829410160079199,4
0,0,1,0,0,0,0,0,0,1,0,0.05263114361023413,5
0,0,0,0,0,0,0,0,0,0,0,0,0
0,0,0,0,0,0,0,0,0,0,0,0,0
0,0,0,0,0,0,0,0,0,0,0,0,0
0,0,0,0,0,0,0,0,0,0,0,0,0
0,0,0,0,0,0,0,0,0,0,0,0,0
0,0,2,0,0,0,0,1,0,0,0,0.9088485220032334,3
0,0,3,0,0,0,0,1,0,0,0,0.22119351941593635,4
0,0,2,0,0,0,1,0,0,0,0,0.8829410160079199,4
0,0,1,0,0,0,0,0,0,1,0,0.05263114361023413,5
0,0,4,0,0,0,0,0,1,1,0,0.3407464626070611,4
0,0,0,0,0,0,0,0,0,0,0,0,0
0,0,0,0,0,0,0,0,0,0,0,0,0
0,0,0,0,0,0,0,0,0,0,0,0,0
0,0,0,0,0,0,0,0,0,0,0,0,0
0,0,2,0,0,0,0,1,0,0,0,0.9088485220032334,3
0,0,3,0,0,0,0,1,0,0,0,0.22119351941593635,4
0,0,2,0,0,0,1,0,0,0,0,0.8829410160079199,4
0,0,1,0,0,0,0,0,0,1,0,0.05263114361023413,5
0,0,4,0,0,0,0,0,1,1,0,0.3407464626070611,4
0,0,3,0,0,0,1,0,0,0,0,0.9440389320175154,4
0,0,0,0,0,0,0,0,0,0,0,0,0
0,0,0,0,0,0,0,0,0,0,0,0,0
0,0,0,0,0,0,0,0,0,0,0,0,0
0,0,2,0,0,0,0,1,0,0,0,0.9088485220032334,3
0,0,3,0,0,0,0,1,0,0,0,0.22119351941593635,4
0,0,2,0,0,0,1,0,0,0,0,0.8829410160079199,4
0,0,1,0,0,0,0,0,0,1,0,0.05263114361023413,5
0,0,4,0,0,0,0,0,1,1,0,0.3407464626070611,4
0,0,3,0,0,0,1,0,0,0,0,0.9440389320175154,4
0,0,5,0,0,0,0,1,0,0,0,0.8166281022455809,2
0,0,0,0,0,0,0,0,0,0,0,0,0
0,0,0,0,0,0,0,0,0,0,0,0,0
0,0,2,0,0,0,0,1,0,0,0,0.9088485220032334,3
0,0,3,0,0,0,0,1,0,0,0,0.22119351941593635,4
0,0,2,0,0,0,1,0,0,0,0,0.8829410160079199,4
0,0,1,0,0,0,0,0,0,1,0,0.05263114361023413,5
0,0,4,0,0,0,0,0,1,1,0,0.3407464626070611,4
0,0,3,0,0,0,1,0,0,0,0,0.9440389320175154,4
0,0,5,0,0,0,0,1,0,0,0,0.8166281022455809,2
0,0,3,0,0,0,1,0,0,0,0,0.32727344974211126,4
0,0,0,0,0,0,0,0,0,0,0,0,0
0,0,2,0,0,0,0,1,0,0,0,0.9088485220032334,3
0,0,3,0,0,0,0,1,0,0,0,0.22119351941593635,4
0,0,2,0,0,0,1,0,0,0,0,0.8829410160079199,4
0,0,1,0,0,0,0,0,0,1,0,0.05263114361023413,5
0,0,4,0,0,0,0,0,1,1,0,0.3407464626070611,4
0,0,3,0,0,0,1,0,0,0,0,0.9440389320175154,4
0,0,5,0,0,0,0,1,0,0,0,0.8166281022455809,2
0,0,3,0,0,0,1,0,0,0,0,0.32727344974211126,4
0,0,1,0,0,0,0,1,1,0,0,0.27603432386954163,3
0,0,2,0,0,0,0,1,0,0,0,0.9088485220032334,3
0,0,3,0,0,0,0,1,0,0,0,0.22119351941593635,4
0,0,2,0,0,0,1,0,0,0,0,0.8829410160079199,4
0,0,1,0,0,0,0,0,0,1,0,0.05263114361023413,5
0,0,4,0,0,0,0,0,1,1,0,0.3407464626070611,4
0,0,3,0,0,0,1,0,0,0,0,0.9440389320175154,4
0,0,5,0,0,0,0,1,0,0,0,0.8166281022455809,2
0,0,3,0,0,0,1,0,0,0,0,0.32727344974211126,4
0,0,1,0,0,0,0,1,1,0,0,0.27603432386954163,3
0,0,3,0,0,0,0,0,0,1,0,0.9381092427310392,4
0,0,0,0,0,0,0,0,0,0,0,0,0
0,0,0,0,0,0,0,0,0,0,0,0,0
0,0,0,0,0,0,0,0,0,0,0,0,0
0,0,0,0,0,0,0,0,0,0,0,0,0
0,0,0,0,0,0,0,0,0,0,0,0,0
0,0,0,0,0,0,0,0,0,0,0,0,0
0,0,0,0,0,0,0,0,0,0,0,0,0
0,0,0,0,0,0,0,0,0,0,0,0,0
0,0,0,0,0,0,0,0,0,0,0,0,0
0,0,0,0,1,0,0,0,1,0,1,0.6174490416559332,5
0,0,0,0,0,0,0,0,0,0,0,0,0
0,0,0,0,0,0,0,0,0,0,0,0,0
0,0,0,0,0,0,0,0,0,0,0,0,0
0,0,0,0,0,0,0,0,0,0,0,0,0
0,0,0,0,0,0,0,0,0,0,0,0,0
0,0,0,0,0,0,0,0,0,0,0,0,0
0,0,0,0,0,0,0,0,0,0,0,0,0
0,0,0,0,0,0,0,0,0,0,0,0,0
0,0,0,0,1,0,0,0,1,0,1,0.6174490416559332,5
0,0,0,0,4,0,0,1,0,0,0,0.9306956316972342,2
0,0,0,0,0,0,0,0,0,0,0,0,0
0,0,0,0,0,0,0,0,0,0,0,0,0
0,0,0,0,0,0,0,0,0,0,0,0,0
0,0,0,0,0,0,0,0,0,0,0,0,0
0,0,0,0,0,0,0,0,0,0,0,0,0
0,0,0,0,0,0,0,0,0,0,0,0,0
0,0,0,0,0,0,0,0,0,0,0,0,0
0,0,0,0,1,0,0,0,1,0,1,0.6174490416559332,5
0,0,0,0,4,0,0,1,0,0,0,0.9306956316972342,2
0,0,0,0,1,0,1,0,0,0,0,0.11712348609440504,5
0,0,0,0,0,0,0,0,0,0,0,0,0
0,0,0,0,0,0,0,0,0,0,0,0,0
0,0,0,0,0,0,0,0,0,0,0,0,0
0,0,0,0,0,0,0,0,0,0,0,0,0
0,0,0,0,0,0,0,0,0,0,0,0,0
0,0,0,0,0,0,0,0,0,0,0,0,0
0,0,0,0,1,0,0,0,1,0,1,0.6174490416559332,5
0,0,0,0,4,0,0,1,0,0,0,0.9306956316972342,2
0,0,0,0,1,0,1,0,0,0,0,0.11712348609440504,5
0,0,0,0,5,0,0,1,0,0,1,0.08139040587474677,3
0,0,0,0,0,0,0,0,0,0,0,0,0
0,0,0,0,0,0,0,0,0,0,0,0,0
0,0,0,0,0,0,0,0,0,0,0,0,0
0,0,0,0,0,0,0,0,0,0,0,0,0
0,0,0,0,0,0,0,0,0,0,0,0,0
0,0,0,0,1,0,0,0,1,0,1,0.6174490416559332,5
0,0,0,0,4,0,0,1,0,0,0,0.9306956316972342,2
0,0,0,0,1,0,1,0,0,0,0,0.11712348609440504,5
0,0,0,0,5,0,0,1,0,0,1,0.08139040587474677,3
0,0,0,0,1,0,1,0,0,0,0,0.8957596972464094,4
0,0,0,0,0,0,0,0,0,0,0,0,0
0,0,0,0,0,0,0,0,0,0,0,0,0
0,0,0,0,0,0,0,0,0,0,0,0,0
0,0,0,0,0,0,0,0,0,0,0,0,0
0,0,0,0,1,0,0,0,1,0,1,0.6174490416559332,5
0,0,0,0,4,0,0,1,0,0,0,0.9306956316972342,2
0,0,0,0,1,0,1,0,0,0,0,0.11712348609440504,5
0,0,0,0,5,0,0,1,0,0,1,0.08139040587474677,3
0,0,0,0,1,0,1,0,0,0,0,0.8957596972464094,4
0,0,0,0,1,0,1,0,0,0,0,0.013388807528707969,4
0,0,0,0,0,0,0,0,0,0,0,0,0
0,0,0,0,0,0,0,0,0,0,0,0,0
0,0,0,0,0,0,0,0,0,0,0,0,0
0,0,0,0,1,0,0,0,1,0,1,0.6174490416559332,5
0,0,0,0,4,0,0,1,0,0,0,0.9306956316972342,2
0,0,0,0,1,0,1,0,0,0,0,0.11712348609440504,5
0,0,0,0,5,0,0,1,0,0,1,0.08139040587474677,3
0,0,0,0,1,0,1,0,0,0,0,0.8957596972464094,4
0,0,0,0,1,0,1,0,0,0,0,0.013388807528707969,4
0,0,0,0,1,0,0,0,0,1,0,0.33025267591084895,4
0,0,0,0,0,0,0,0,0,0,0,0,0
0,0,0,0,0,0,0,0,0,0,0,0,0
0,0,0,0,1,0,0,0,1,0,1,0.6174490416559332,5
0,0,0,0,4,0,0,1,0,0,0,0.9306956316972342,2
0,0,0,0,1,0,1,0,0,0,0,0.11712348609440504,5
0,0,0,0,5,0,0,1,0,0,1,0.08139040587474677,3
0,0,0,0,1,0,1,0,0,0,0,0.8957596972464094,4
0,0,0,0,1,0,1,0,0,0,0,0.013388807528707969,4
0,0,0,0,1,0,0,0,0,1,0,0.33025267591084895,4
0,0,0,0,1,0,0,1,0,0,0,0.29981880425443763,3
0,0,0,0,0,0,0,0,0,0,0,0,0
0,0,0,0,1,0,0,0,1,0,1,0.6174490416559332,5
0,0,0,0,4,0,0,1,0,0,0,0.9306956316972342,2
0,0,0,0,1,0,1,0,0,0,0,0.11712348609440504,5
0,0,0,0,5,0,0,1,0,0,1,0.08139040587474677,3
0,0,0,0,1,0,1,0,0,0,0,0.8957596972464094,4
0,0,0,0,1,0,1,0,0,0,0,0.013388807528707969,4
0,0,0,0,1,0,0,0,0,1,0,0.33025267591084895,4
0,0,0,0,1,0,0,1,0,0,0,0.29981880425443763,3
0,0,0,0,2,0,1,0,0,1,0,0.756351548311971,4
0,0,0,0,1,0,0,0,1,0,1,0.6174490416559332,5
0,0,0,0,4,0,0,1,0,0,0,0.9306956316972342,2
0,0,0,0,1,0,1,0,0,0,0,0.11712348609440504,5
0,0,0,0,5,0,0,1,0,0,1,0.08139040587474677,3
0,0,0,0,1,0,1,0,0,0,0,0.8957596972464094,4
0,0,0,0,1,0,1,0,0,0,0,0.013388807528707969,4
0,0,0,0,1,0,0,0,0,1,0,0.33025267591084895,4
0,0,0,0,1,0,0,1,0,0,0,0.29981880425443763,3
0,0,0,0,2,0,1,0,0,1,0,0.756351548311971,4
0,0,0,0,1,0,0,0,1,0,0,0.0008351235235974919,4
0,0,0,0,0,0,0,0,0,0,0,0,0
0,0,0,0,0,0,0,0,0,0,0,0,0
0,0,0,0,0,0,0,0,0,0,0,0,0
0,0,0,0,0,0,0,0,0,0,0,0,0
0,0,0,0,0,0,0,0,0,0,0,0,0
0,0,0,0,0,0,0,0,0,0,0,0,0
0,0,0,0,0,0,0,0,0,0,0,0,0
0,0,0,0,0,0,0,0,0,0,0,0,0
0,0,0,0,0,0,0,0,0,0,0,0,0
0,3,0,0,0,0,0,1,0,0,0,0.5997570951132112,1
0,0,0,0,0,0,0,0,0,0,0,0,0
0,0,0,0,0,0,0,0,0,0,0,0,0
0,0,0,0,0,0,0,0,0,0,0,0,0
0,0,0,0,0,0,0,0,0,0,0,0,0
0,0,0,0,0,0,0,0,0,0,0,0,0
0,0,0,0,0,0,0,0,0,0,0,0,0
0,0,0,0,0,0,0,0,0,0,0,0,0
0,0,0,0,0,0,0,0,0,0,0,0,0
0,3,0,0,0,0,0,1,0,0,0,0.5997570951132112,1
0,1,0,0,0,0,0,1,0,0,0,0.49108412595986484,4
0,0,0,0,0,0,0,0,0,0,0,0,0
0,0,0,0,0,0,0,0,0,0,0,0,0
0,0,0,0,0,0,0,0,0,0,0,0,0
0,0,0,0,0,0,0,0,0,0,0,0,0
0,0,0,0,0,0,0,0,0,0,0,0,0
0,0,0,0,0,0,0,0,0,0,0,0,0
0,0,0,0,0,0,0,0,0,0,0,0,0
0,3,0,0,0,0,0,1,0,0,0,0.5997570951132112,1
0,1,0,0,0,0,0,1,0,0,0,0.49108412595986484,4
0,2,0,0,0,0,0,1,0,0,0,0.16668440312682942,5
0,0,0,0,0,0,0,0,0,0,0,0,0
0,0,0,0,0,0,0,0,0,0,0,0,0
0,0,0,0,0,0,0,0,0,0,0,0,0
0,0,0,0,0,0,0,0,0,0,0,0,0
0,0,0,0,0,0,0,0,0,0,0,0,0
0,0,0,0,0,0,0,0,0,0,0,0,0
0,3,0,0,0,0,0,1,0,0,0,0.5997570951132112,1
0,1,0,0,0,0,0,1,0,0,0,0.49108412595986484,4
0,2,0,0,0,0,0,1,0,0,0,0.16668440312682942,5
0,1,0,0,0,0,0,0,0,1,0,0.5173710526275168,4
0,0,0,0,0,0,0,0,0,0,0,0,0
0,0,0,0,0,0,0,0,0,0,0,0,0
0,0,0,0,0,0,0,0,0,0,0,0,0
0,0,0,0,0,0,0,0,0,0,0,0,0
0,0,0,0,0,0,0,0,0,0,0,0,0
0,3,0,0,0,0,0,1,0,0,0,0.5997570951132112,1
0,1,0,0,0,0,0,1,0,0,0,0.49108412595986484,4
0,2,0,0,0,0,0,1,0,0,0,0.16668440312682942,5
0,1,0,0,0,0,0,0,0,1,0,0.5173710526275168,4
0,0,0,0,1,0,0,0,0,0,1,0.05632094961378398,1
0,0,0,0,0,0,0,0,0,0,0,0,0
0,0,0,0,0,0,0,0,0,0,0,0,0
0,0,0,0,0,0,0,0,0,0,0,0,0
0,0,0,0,0,0,0,0,0,0,0,0,0
0,3,0,0,0,0,0,1,0,0,0,0.5997570951132112,1
0,1,0,0,0,0,0,1,0,0,0,0.49108412595986484,4
0,2,0,0,0,0,0,1,0,0,0,0.16668440312682942,5
0,1,0,0,0,0,0,0,0,1,0,0.5173710526275168,4
0,0,0,0,1,0,0,0,0,0,1,0.05632094961378398,1
0,0,0,0,0,2,0,0,0,0,1,0.4305601003106093,4
0,0,0,0,0,0,0,0,0,0,0,0,0
0,0,0,0,0,0,0,0,0,0,0,0,0
0,0,0,0,0,0,0,0,0,0,0,0,0
0,3,0,0,0,0,0,1,0,0,0,0.5997570951132112,1
0,1,0,0,0,0,0,1,0,0,0,0.49108412595986484,4
0,2,0,0,0,0,0,1,0,0,0,0.16668440312682942,5
0,1,0,0,0,0,0,0,0,1,0,0.5173710526275168,4
0,0,0,0,1,0,0,0,0,0,1,0.05632094961378398,1
0,0,0,0,0,2,0,0,0,0,1,0.4305601003106093,4
0,2,0,0,0,0,0,0,1,0,0,0.6502055368330673,4
0,0,0,0,0,0,0,0,0,0,0,0,0
0,0,0,0,0,0,0,0,0,0,0,0,0
0,3,0,0,0,0,0,1,0,0,0,0.5997570951132112,1
0,1,0,0,0,0,0,1,0,0,0,0.49108412595986484,4
0,2,0,0,0,0,0,1,0,0,0,0.16668440312682942,5
0,1,0,0,0,0,0,0,0,1,0,0.5173710526275168,4
0,0,0,0,1,0,0,0,0,0,1,0.05632094961378398,1
0,0,0,0,0,2,0,0,0,0,1,0.4305601003106093,4
0,2,0,0,0,0,0,0,1,0,0,0.6502055368330673,4
0,0,0,0,1,1,0,0,1,0,0,0.15275278842803386,3
0,0,0,0,0,0,0,0,0,0,0,0,0
0,3,0,0,0,0,0,1,0,0,0,0.5997570951132112,1
0,1,0,0,0,0,0,1,0,0,0,0.49108412595986484,4
0,2,0,0,0,0,0,1,0,0,0,0.16668440312682942,5
0,1,0,0,0,0,0,0,0,1,0,0.5173710526275168,4
0,0,0,0,1,0,0,0,0,0,1,0.05632094961378398,1
0,0,0,0,0,2,0,0,0,0,1,0.4305601003106093,4
0,2,0,0,0,0,0,0,1,0,0,0.6502055368330673,4
0,0,0,0,1,1,0,0,1,0,0,0.15275278842803386,3
0,2,0,0,0,0,1,0,0,0,1,0.994655836661711,4
0,3,0,0,0,0,0,1,0,0,0,0.5997570951132112,1
0,1,0,0,0,0,0,1,0,0,0,0.49108412595986484,4
0,2,0,0,0,0,0,1,0,0,0,0.16668440312682942,5
0,1,0,0,0,0,0,0,0,1,0,0.5173710526275168,4
0,0,0,0,1,0,0,0,0,0,1,0.05632094961378398,1
0,0,0,0,0,2,0,0,0,0,1,0.4305601003106093,4
0,2,0,0,0,0,0,0,1,0,0,0.6502055368330673,4
0,0,0,0,1,1,0,0,1,0,0,0.15275278842803386,3
0,2,0,0,0,0,1,0,0,0,1,0.994655836661711,4
0,2,0,0,0,0,1,0,0,0,0,0.6937700343906417,5
